review,rating,source,date,bank
üôèüëç,5,Google Play,2025-11-29 00:00:00,BoA
Very Good,5,Google Play,2025-11-28 00:00:00,BoA
goof,5,Google Play,2025-11-28 00:00:00,BoA
good!,5,Google Play,2025-11-28 00:00:00,BoA
good jop,5,Google Play,2025-11-27 00:00:00,BoA
bad exprience...it is so crushed,1,Google Play,2025-11-27 00:00:00,BoA
not user friendly at all it requires a huge connectivity and also lags many times üòëüòëüòë,1,Google Play,2025-11-26 00:00:00,BoA
·àù·äï·àù ·ã®·àõ·ã≠ ·à∞·à´,1,Google Play,2025-11-26 00:00:00,BoA
very good,5,Google Play,2025-11-25 00:00:00,BoA
most of the time is not working properly,1,Google Play,2025-11-25 00:00:00,BoA
good service,5,Google Play,2025-11-25 00:00:00,BoA
not use for me,3,Google Play,2025-11-23 00:00:00,BoA
It keeps notifying me to disable developer options and quiet while I'm not enabled. always bring another type of problem with new updates.,1,Google Play,2025-11-22 00:00:00,BoA
waw,5,Google Play,2025-11-21 00:00:00,BoA
the lag is unbelievable when you need it the most this suks,1,Google Play,2025-11-19 00:00:00,BoA
I cant belive I could find the worst bank app ever .yet very simple to fix the problem and the company just ignored it. no body can do business with this kind of app.,1,Google Play,2025-11-18 00:00:00,BoA
it is a good app,5,Google Play,2025-11-18 00:00:00,BoA
it is not working at all,1,Google Play,2025-11-15 00:00:00,BoA
ü•∞ü•∞ü•∞ü•∞ü•∞ app is good but i was live in abroad and when i enter my otp code it didnt make me to write my code it the app want it self write thats not fair so please other wise i like it why,5,Google Play,2025-11-15 00:00:00,BoA
when trying to activate the app it keeps on loading on the security questions page. It has been two days,1,Google Play,2025-11-13 00:00:00,BoA
fast and simple,5,Google Play,2025-11-11 00:00:00,BoA
best of best,5,Google Play,2025-11-10 00:00:00,BoA
Worest Banking App Ever I seen. Fake App Bad Better to Leave,1,Google Play,2025-11-10 00:00:00,BoA
good,4,Google Play,2025-11-10 00:00:00,BoA
"I would like to share feedback regarding the application. It frequently experiences disruptions and does not function properly, often freezing or failing to load. This issue is affecting workflow and efficiency. Kindly review and address this problem to ensure smoother performance.",1,Google Play,2025-11-08 00:00:00,BoA
Meet you genuine.App I tried is not functional.Helping.welldoingwith BOA Ethiopia .fastandrelevant.morconnecting Digitalyworld.Digitalyworld. thanks.,5,Google Play,2025-11-08 00:00:00,BoA
best app,5,Google Play,2025-11-08 00:00:00,BoA
Best app,5,Google Play,2025-11-07 00:00:00,BoA
"Barely works, it always fails to connect",1,Google Play,2025-11-07 00:00:00,BoA
my fav app,5,Google Play,2025-11-07 00:00:00,BoA
this app launch time is so long also has dozen bugs in addition it's has been long time get update,1,Google Play,2025-11-05 00:00:00,BoA
very nice,5,Google Play,2025-11-04 00:00:00,BoA
"Your application is very irritating to use, some functionality doesn't even work like on the card management. You need to do better than this and it good idea to reference other banking applications.",3,Google Play,2025-11-04 00:00:00,BoA
I like,5,Google Play,2025-11-02 00:00:00,BoA
·ãà·ã≠ ·ä†·àª·àΩ·àâ·âµ·äì ·ä•·äï·å†·âÄ·àù·â†·âµ ·ã´·àà·ã´ ·â•·â≥·å†·çâ·âµ ·ã≠·àª·àã·àç·ç¢ ·â†·âÉ ·àù·äï·àù ·äê·åà·à≠ ·ä†·ã≠·à∞·à´·àù ·àò·â∞·åç·â†·à™·ã´ ·ä†·àà·äï ·â•·àã·âΩ·àÅ ·ä•·äï·ã≥·â≥·ãà·à© ·àà·àõ·äï·àù ·ã®·àõ·ã≠·àò·ä®·à≠ ·âÄ·à≠·çã·çã·äì ·â∞·åç·â£·à≠ ·ã®·àà·àΩ ·àò·â∞·åç·â†·à™·ã´,1,Google Play,2025-11-01 00:00:00,BoA
i m sorry but it doesn't work for my android it is too slow but other bank are very fast please update,1,Google Play,2025-10-30 00:00:00,BoA
"the worst app ever,",1,Google Play,2025-10-30 00:00:00,BoA
better,5,Google Play,2025-10-29 00:00:00,BoA
"I kindly request that Bank of abyssinia address issues with its mobile app. It is very slow, has numerous problems, and frequently experiences downtime. The user experience is also poor. Thank you.",1,Google Play,2025-10-28 00:00:00,BoA
this app can't open? what is problem? please solve my problem?,1,Google Play,2025-10-28 00:00:00,BoA
kiyaa makonn,5,Google Play,2025-10-27 00:00:00,BoA
very very lazy app,1,Google Play,2025-10-26 00:00:00,BoA
telebirr remittance,5,Google Play,2025-10-24 00:00:00,BoA
The best bank in üá™üáπ,5,Google Play,2025-10-23 00:00:00,BoA
its good,5,Google Play,2025-10-22 00:00:00,BoA
the worst app in my financial experience.,1,Google Play,2025-10-22 00:00:00,BoA
good for mb appliciation,5,Google Play,2025-10-21 00:00:00,BoA
the worst bank ever. slow don't accept dual sim. they are very stupid and greedy,1,Google Play,2025-10-20 00:00:00,BoA
try to easy network,4,Google Play,2025-10-17 00:00:00,BoA
hussen hassen umer,5,Google Play,2025-10-16 00:00:00,BoA
"The app is not suitable and lacks a good UI design. As a large bank, you must update your app with a professional UI that is fast and appropriate.",2,Google Play,2025-10-16 00:00:00,BoA
an exceptional banking app.,5,Google Play,2025-10-16 00:00:00,BoA
alhamdulilah,5,Google Play,2025-10-11 00:00:00,BoA
poor,5,Google Play,2025-10-11 00:00:00,BoA
Best of best,5,Google Play,2025-10-09 00:00:00,BoA
from the last week updates the app is not working Please check the problems,1,Google Play,2025-10-08 00:00:00,BoA
It's always crushing,1,Google Play,2025-10-08 00:00:00,BoA
office branches have to improve their services please,4,Google Play,2025-10-07 00:00:00,BoA
‚ô•Ô∏è‚ô•Ô∏è,5,Google Play,2025-10-05 00:00:00,BoA
Why does it keep crashing? I can't even use this. BOA should do better. You have many customers and how to deal with this. I can't send money now.,1,Google Play,2025-10-05 00:00:00,BoA
it needs a timely update,5,Google Play,2025-10-03 00:00:00,BoA
"It does not show the name of the person who sent the money to request a receipt. This has become very difficult for us. When different people transfer the same amount to me from different banks, it is very difficult to identify the account or the name of the sender.",3,Google Play,2025-10-01 00:00:00,BoA
Like,5,Google Play,2025-10-01 00:00:00,BoA
I can't type my otp on it.,1,Google Play,2025-10-01 00:00:00,BoA
"most of bank apps in Ethiopia are linked with ethiopian phone number, I live in US permanently so when I open BoA account, I told them where I live and to link it with email address instead of phone # as ethio phone number is not working where I live, unfortunetly my fear appeared and now when I change my phone device, it send the code to the ethio number which is not with me now. so please when u develop bank apps consider the diaspora community to use ur apps",1,Google Play,2025-10-01 00:00:00,BoA
jaajja,4,Google Play,2025-09-30 00:00:00,BoA
I love this bank the best experience ever.,5,Google Play,2025-09-28 00:00:00,BoA
"Nothing has been improved, it doesn't work like the previous version.",1,Google Play,2025-09-25 00:00:00,BoA
easy and fast,5,Google Play,2025-09-24 00:00:00,BoA
Great,5,Google Play,2025-09-20 00:00:00,BoA
mobile banking,5,Google Play,2025-09-19 00:00:00,BoA
very good,5,Google Play,2025-09-18 00:00:00,BoA
üòé,5,Google Play,2025-09-18 00:00:00,BoA
"need alot of connection, chooses device, very lug even when there is connection",1,Google Play,2025-09-17 00:00:00,BoA
On my ios it's perfect but on android it barley works and don't transfer and after a while it crushed and totally stopped working. Please fix the issue my beloved bank of abyssinia.,1,Google Play,2025-09-15 00:00:00,BoA
since the last update i can open the app crashes a lot and omg its being very slow opening and loading,2,Google Play,2025-09-15 00:00:00,BoA
none,5,Google Play,2025-09-14 00:00:00,BoA
good,2,Google Play,2025-09-13 00:00:00,BoA
good,5,Google Play,2025-09-12 00:00:00,BoA
very good app i ever used,5,Google Play,2025-09-12 00:00:00,BoA
its nice app especially the transaction limit is extended but We face that BoA m.banking app doesn't respond at the activation stage strictly at SMSNG mobile phone. please try this to make safe.,4,Google Play,2025-09-11 00:00:00,BoA
zedo,5,Google Play,2025-09-11 00:00:00,BoA
please open my mobile app,5,Google Play,2025-09-10 00:00:00,BoA
it doesn't open,1,Google Play,2025-09-10 00:00:00,BoA
Very Good,5,Google Play,2025-09-09 00:00:00,BoA
masha alla,5,Google Play,2025-09-08 00:00:00,BoA
Best banking transaction application in Ethiopia !,5,Google Play,2025-09-05 00:00:00,BoA
ÿßŸÑÿ≥ŸÑÿßŸÖ ÿπŸÑŸäŸÉŸÖ Ÿàÿ±ÿ≠ŸÖÿ© ÿßŸÑŸÑŸá Ÿàÿ®ÿ±ŸÉÿßÿ™Ÿá ŸÖÿßÿ¥ÿßÿ° ÿßŸÑŸÑŸá ÿ™ÿ®ÿßÿ±ŸÉ ÿßŸÑÿ±ÿ≠ŸÖŸÜ Ÿáÿ∞ÿß ÿßŸÑÿ™ÿ∑ÿ®ŸäŸÇ ŸÖŸÖÿ™ÿßÿ≤ ÿ¨ÿØÿß,5,Google Play,2025-09-04 00:00:00,BoA
tamaam kamal,1,Google Play,2025-09-04 00:00:00,BoA
·â†·å£·àù ·àê·à™·çç,5,Google Play,2025-09-03 00:00:00,BoA
great üëç,5,Google Play,2025-09-02 00:00:00,BoA
goof,4,Google Play,2025-09-01 00:00:00,BoA
absiniya banki,5,Google Play,2025-08-29 00:00:00,BoA
has issue after installation and i think it doesn't work with tecno common 30,1,Google Play,2025-08-26 00:00:00,BoA
One of the best in this business,5,Google Play,2025-08-25 00:00:00,BoA
Excellent,5,Google Play,2025-08-20 00:00:00,BoA
besatü•∞,5,Google Play,2025-08-19 00:00:00,BoA
unlimited experience,5,Google Play,2025-08-18 00:00:00,BoA
"as bank, u should at least hire someone good at their job bc this a joke nowadays I can't even log in or even transfer without it crashing if u fix the app I will update this review I am counting on u boa update: so they atleast fixed it but as suggestion can u put password when in final step of sending money it will feel more secure that way",4,Google Play,2025-08-17 00:00:00,BoA
very nice mobile banking app my favourite,5,Google Play,2025-08-16 00:00:00,BoA
"it almost never boots up!!! and even if it did, it crashes immediately",1,Google Play,2025-08-15 00:00:00,BoA
best apps,5,Google Play,2025-08-15 00:00:00,BoA
the worst app ever to exist in a bank history,1,Google Play,2025-08-15 00:00:00,BoA
thank you,5,Google Play,2025-08-14 00:00:00,BoA
Best mobile app in the country,5,Google Play,2025-08-14 00:00:00,BoA
not fast,2,Google Play,2025-08-12 00:00:00,BoA
keeps freezing at the front page.,1,Google Play,2025-08-10 00:00:00,BoA
it is not working on redminote 11 pro+ pls fix it,1,Google Play,2025-08-08 00:00:00,BoA
abseniya bank app,5,Google Play,2025-08-08 00:00:00,BoA
good,5,Google Play,2025-08-05 00:00:00,BoA
yes goode app,5,Google Play,2025-08-03 00:00:00,BoA
Great App,5,Google Play,2025-08-02 00:00:00,BoA
1) Crashes repeatedly 2) Takes Century to Boot 3) Repeatedly requires Update which is very annoying. 4) It doesn't ask for Password for one step confirmation when transferring money. 5) Automatically stops music when the app is launched (it doesn't really matter just fyi) Overall this have to be the worst mobile banking app I have tried so far and should not be released with all these bugs & issues.,1,Google Play,2025-08-02 00:00:00,BoA
·à®·åÄ·â•·äê·à±,1,Google Play,2025-07-31 00:00:00,BoA
The Worst Mobile Banking App.,1,Google Play,2025-07-31 00:00:00,BoA
giod,5,Google Play,2025-07-30 00:00:00,BoA
best bank in ethiopia,5,Google Play,2025-07-29 00:00:00,BoA
waqayyoo,5,Google Play,2025-07-28 00:00:00,BoA
please is not working,2,Google Play,2025-07-27 00:00:00,BoA
nothing when I need to install the Apk it say that re-up date,5,Google Play,2025-07-25 00:00:00,BoA
I can log in from any where,5,Google Play,2025-07-23 00:00:00,BoA
üòá,3,Google Play,2025-07-21 00:00:00,BoA
no proplem,5,Google Play,2025-07-20 00:00:00,BoA
üëçüëçüëç,5,Google Play,2025-07-20 00:00:00,BoA
excellent app,5,Google Play,2025-07-18 00:00:00,BoA
good work,5,Google Play,2025-07-15 00:00:00,BoA
‚òπÔ∏è,5,Google Play,2025-07-15 00:00:00,BoA
excellent,5,Google Play,2025-07-14 00:00:00,BoA
Great BoA,5,Google Play,2025-07-14 00:00:00,BoA
Good,5,Google Play,2025-07-14 00:00:00,BoA
Okay,4,Google Play,2025-07-13 00:00:00,BoA
not working,1,Google Play,2025-07-12 00:00:00,BoA
This App is Getting worse and worse with every update,2,Google Play,2025-07-11 00:00:00,BoA
·àù·à≠·å• ·äê·ãç,1,Google Play,2025-07-10 00:00:00,BoA
nice,5,Google Play,2025-07-10 00:00:00,BoA
Best app,5,Google Play,2025-07-08 00:00:00,BoA
meku,5,Google Play,2025-07-07 00:00:00,BoA
nice,4,Google Play,2025-07-04 00:00:00,BoA
awasome app go a head,5,Google Play,2025-07-04 00:00:00,BoA
üòé,5,Google Play,2025-07-03 00:00:00,BoA
it sucks as hell. it crashes most of the time and takes a long time to load .,1,Google Play,2025-07-03 00:00:00,BoA
"The App is nice and easy to use but after some time it crushed and said ""Error check your device connectivity"" please fix it",3,Google Play,2025-07-02 00:00:00,BoA
Easy and very nice app to load more than the previouse but in recent time some loading problem detected.,5,Google Play,2025-07-01 00:00:00,BoA
wow,5,Google Play,2025-07-01 00:00:00,BoA
"The worst MBA I have experienced, The app crush frequently and they take to long to fix the problem even more than a week.",1,Google Play,2025-06-27 00:00:00,BoA
amazing Banks Appüëåüëå,3,Google Play,2025-06-25 00:00:00,BoA
goof,5,Google Play,2025-06-25 00:00:00,BoA
good App fore me,5,Google Play,2025-06-25 00:00:00,BoA
"very uninterested it's not working when the ""developer mode on"" i haven't off the developer options i preferred to uninstall your app .....",1,Google Play,2025-06-24 00:00:00,BoA
fantastic,5,Google Play,2025-06-22 00:00:00,BoA
üëç,4,Google Play,2025-06-21 00:00:00,BoA
it's nice to use.,5,Google Play,2025-06-21 00:00:00,BoA
app doesn't start,1,Google Play,2025-06-21 00:00:00,BoA
Excellent application,5,Google Play,2025-06-18 00:00:00,BoA
its very bad app its very slow,1,Google Play,2025-06-17 00:00:00,BoA
·â•·ãô·ã¨ ·à∫·ãã·ã® ·â†·àà·å†,1,Google Play,2025-06-15 00:00:00,BoA
good,1,Google Play,2025-06-15 00:00:00,BoA
Good job!,5,Google Play,2025-06-13 00:00:00,BoA
best financial app.,5,Google Play,2025-06-12 00:00:00,BoA
·âÜ·äï·åÜ ·äê·ãç ·â†·à≠·â±,5,Google Play,2025-06-11 00:00:00,BoA
the worst app humans ever created,1,Google Play,2025-06-09 00:00:00,BoA
it's not working,3,Google Play,2025-06-05 00:00:00,BoA
"Hello, I‚Äôm facing a problem with the BOA Mobile app. Every time I enter my phone number and password, the app crashes and shows an error that says ‚ÄúBoaMobile closed because this app has a bug.‚Äù I tried updating, reinstalling, and clearing cache, but nothing worked. Please fix this bug in the next update. I really need access to my account. Thank you.",1,Google Play,2025-06-03 00:00:00,BoA
exceptional,5,Google Play,2025-06-03 00:00:00,BoA
BoA Mobile good bank,5,Google Play,2025-06-02 00:00:00,BoA
this is worest app 24/7 loading,1,Google Play,2025-06-01 00:00:00,BoA
BoA system is confartable,5,Google Play,2025-06-01 00:00:00,BoA
"this app, for me , is a waste of time. It doesn't work . I can't even long in, and it really piss me off. FIX THE PROBLEM",1,Google Play,2025-05-27 00:00:00,BoA
Good service.,3,Google Play,2025-05-25 00:00:00,BoA
the app crush frequently,1,Google Play,2025-05-24 00:00:00,BoA
good,5,Google Play,2025-05-22 00:00:00,BoA
You guys keeps getting worst,1,Google Play,2025-05-22 00:00:00,BoA
good,5,Google Play,2025-05-21 00:00:00,BoA
"This app is a joke. It crashes more than it works, takes forever to load, and half the features are just decorative at this point. Can‚Äôt log in, can‚Äôt transfer money, can‚Äôt even check my balance without it bugging out. To the developer: Are you actually trying to make this work, or is this some kind of social experiment to test our patience? Did you build this in your sleep? Because it definitely looks like it. If this is your idea of a functional app, maybe consider a different career pathüôè",1,Google Play,2025-05-21 00:00:00,BoA
BoA,2,Google Play,2025-05-20 00:00:00,BoA
good,5,Google Play,2025-05-20 00:00:00,BoA
but not opening on android,4,Google Play,2025-05-19 00:00:00,BoA
Worst App ever. Totally unreliable. And it didn't work at all for the last 4 months.,1,Google Play,2025-05-18 00:00:00,BoA
amazing,5,Google Play,2025-05-18 00:00:00,BoA
excellent,5,Google Play,2025-05-15 00:00:00,BoA
"this app does no work on Samsung a51, it just gives a preview of the logo",1,Google Play,2025-05-11 00:00:00,BoA
nice,5,Google Play,2025-05-10 00:00:00,BoA
"i entered incorrect security question by mistake boa app lock pin forever, why is there no other options? ?? i contacted different branchs more then 4times but they didn't able to solve this issue .",5,Google Play,2025-05-10 00:00:00,BoA
Best app,5,Google Play,2025-05-09 00:00:00,BoA
liking this application good üëç,5,Google Play,2025-05-07 00:00:00,BoA
"This app future is good, but there is problems with apps to reset and activate it, which is difficult even to the branch staffs, and it takes too long times to active at the branch plus most of the time high expected failure of activation after process at the counter and OTP sent not work",1,Google Play,2025-05-06 00:00:00,BoA
good,5,Google Play,2025-05-06 00:00:00,BoA
good,5,Google Play,2025-05-02 00:00:00,BoA
good,4,Google Play,2025-04-30 00:00:00,BoA
good,4,Google Play,2025-04-30 00:00:00,BoA
wow,5,Google Play,2025-04-28 00:00:00,BoA
it's really good üëç,5,Google Play,2025-04-23 00:00:00,BoA
Bad app . it stuck when you open and noting WORKS.,1,Google Play,2025-04-23 00:00:00,BoA
"the app isn't working after it asked me the password it starts loading, but it doesn't open",3,Google Play,2025-04-20 00:00:00,BoA
Best,2,Google Play,2025-04-19 00:00:00,BoA
It keeps showing this pop up to turn off developer options even tho it's off! I had to turn on and then off to make it work! This is a horrible experience and needs a fix asap! Plus kinda slow.,1,Google Play,2025-04-19 00:00:00,BoA
yideg,1,Google Play,2025-04-18 00:00:00,BoA
great boa,5,Google Play,2025-04-10 00:00:00,BoA
Best,5,Google Play,2025-04-10 00:00:00,BoA
boa of mobile backing,5,Google Play,2025-04-09 00:00:00,BoA
nice,5,Google Play,2025-04-09 00:00:00,BoA
faster bank of Abissinya,5,Google Play,2025-04-08 00:00:00,BoA
i would have given it a lower if it was possible because it crush so much and it take the bank so long to fix the bug,1,Google Play,2025-04-08 00:00:00,BoA
it just doesn't work...so frustrating,1,Google Play,2025-04-07 00:00:00,BoA
like,5,Google Play,2025-04-06 00:00:00,BoA
it's not work correctly... you must have update it,1,Google Play,2025-04-06 00:00:00,BoA
"the app gets a considerable improvements like language , QR scanner and unlimited transfers survice. but BOA Please do alot on its fastness and convenient when we login and making a transactions.",5,Google Play,2025-04-04 00:00:00,BoA
after i typed in my password it says successfully logged out ...and goes back to the first page,2,Google Play,2025-04-04 00:00:00,BoA
good but they don't update enough don't add new things,3,Google Play,2025-04-04 00:00:00,BoA
very good,5,Google Play,2025-04-03 00:00:00,BoA
thank you,5,Google Play,2025-04-02 00:00:00,BoA
it doesn't work period z slowest mobile banking ever i would rather use *815#,1,Google Play,2025-04-01 00:00:00,BoA
"after activated the application it not allowed to sign , automatically it is turn off In my phone, why ?",1,Google Play,2025-03-31 00:00:00,BoA
good application,5,Google Play,2025-03-30 00:00:00,BoA
this version is not working for me I cannot even buy card. I cannot send money,1,Google Play,2025-03-30 00:00:00,BoA
"It can't actively on initialization, it says incorrect OTP getting the exact OTP",1,Google Play,2025-03-29 00:00:00,BoA
always problematic hardly works,1,Google Play,2025-03-26 00:00:00,BoA
considering the fact the bank is huge this app really bad you could do better,1,Google Play,2025-03-25 00:00:00,BoA
best app,5,Google Play,2025-03-25 00:00:00,BoA
very good,5,Google Play,2025-03-25 00:00:00,BoA
"worst app and Bank ever u be ashamed, scammer",1,Google Play,2025-03-24 00:00:00,BoA
great BoA,5,Google Play,2025-03-22 00:00:00,BoA
best,5,Google Play,2025-03-21 00:00:00,BoA
i have went to the bank so many times because i couldn't make any transaction i can only see my balance nothing else so what is the point of having mobile banking if i can't make any transaction with it please work in that,1,Google Play,2025-03-21 00:00:00,BoA
good,5,Google Play,2025-03-21 00:00:00,BoA
good,5,Google Play,2025-03-19 00:00:00,BoA
there is no speed,1,Google Play,2025-03-19 00:00:00,BoA
"For anyone who wants to download it, just don't!!!",1,Google Play,2025-03-19 00:00:00,BoA
wonderful,5,Google Play,2025-03-19 00:00:00,BoA
all worck,5,Google Play,2025-03-19 00:00:00,BoA
Loved it,5,Google Play,2025-03-14 00:00:00,BoA
Wow,1,Google Play,2025-03-14 00:00:00,BoA
"Edit: New bug, app not letting me type in my otp codes. Shameful Why does this app not allow me to use it while having developer options on? Did y'all consider that I might, perhaps, be an actual developer? Why am I expected to toggle the option on and off just to bank (restarting my phone when I do)? Why is the message labled as somthing that will ""smoothen"" the experience? This is like the most ""security consultant"" thing to implement in an app. Please invest in actual security, not this mess.",1,Google Play,2025-03-12 00:00:00,BoA
Improved to be the best,5,Google Play,2025-03-11 00:00:00,BoA
BoA,5,Google Play,2025-03-11 00:00:00,BoA
"Decent, but there problems sometimes it says error When i transfer money but infact it transferred because of this bug i transferred 2 times instead of 1 and also we can't transfer money to others telebirr acc we only can to our self BOE Dev fix this !!!",3,Google Play,2025-03-11 00:00:00,BoA
BoA Greqt Ethiopian bank.,5,Google Play,2025-03-11 00:00:00,BoA
"The bug is still there,the app crashes every time i try to log in, especially in old phones like my Galaxy A32",1,Google Play,2025-03-10 00:00:00,BoA
Almost better compared to cbe where it is not qualified for,4,Google Play,2025-03-09 00:00:00,BoA
what awesome apps. it is very simple to use and more much important apps.,5,Google Play,2025-03-09 00:00:00,BoA
Wonderfull app,5,Google Play,2025-03-08 00:00:00,BoA
i can't use this app why?,5,Google Play,2025-03-07 00:00:00,BoA
Worst mobile banking app I ever experienced I was blaming other apps but comparing with this they're too much better!!!! It clashes it takes much longer time to login while loading in short it's a complete of trash,1,Google Play,2025-03-06 00:00:00,BoA
Wow,4,Google Play,2025-03-05 00:00:00,BoA
bro the worst app made by human kind!! as a software engineer it make me so sad seeing enterprise as big as BOA make apps like this. it is a disgrace for our country!!,1,Google Play,2025-03-05 00:00:00,BoA
AGA B Girja Miss language of admin Afaan oromo & other Itoophiyaa languages,1,Google Play,2025-03-04 00:00:00,BoA
Good app,5,Google Play,2025-03-03 00:00:00,BoA
"I downloaded the app for the first time while reading other customers reviews and as soon as i installed and opened the app it closes back automatically, what unserious bank, now i uninstalled the app immediately",1,Google Play,2025-03-03 00:00:00,BoA
It has good features but sometimes it doesn't work...0,1,Google Play,2025-03-02 00:00:00,BoA
Very poor proformance,1,Google Play,2025-03-01 00:00:00,BoA
It's not opening. Really frustrating,1,Google Play,2025-03-01 00:00:00,BoA
Verry Amazing App from all IB,5,Google Play,2025-03-01 00:00:00,BoA
Not working on this days,1,Google Play,2025-02-26 00:00:00,BoA
Thank you BoA,5,Google Play,2025-02-23 00:00:00,BoA
best banking app in the wworld,5,Google Play,2025-02-22 00:00:00,BoA
Nice app and it's easy to use,5,Google Play,2025-02-21 00:00:00,BoA
"please add language in the apps setting(amharic afan oromo, tigniya,and others) sometimes bank to bank transfer is not available through time and even if if it is available not reachable‚Ä¶it is serious issue!",1,Google Play,2025-02-15 00:00:00,BoA
This is help full i like ittttt,5,Google Play,2025-02-14 00:00:00,BoA
The is not functional at all?,2,Google Play,2025-02-12 00:00:00,BoA
Best bank,5,Google Play,2025-02-08 00:00:00,BoA
Make it easy and convienient to use and perfect for all to high prefrence and choice.,3,Google Play,2025-02-07 00:00:00,BoA
good,5,Google Play,2025-02-05 00:00:00,BoA
üá™üáπüá™üáπüá™üáπüá™üáπüá™üáπüá™üáπüëçüëçüëçüëçüëçüëçüëç,5,Google Play,2025-02-04 00:00:00,BoA
I have been using this app for two years.It is amazing.,5,Google Play,2025-02-01 00:00:00,BoA
Good üëç,5,Google Play,2025-01-31 00:00:00,BoA
Sad experience,1,Google Play,2025-01-30 00:00:00,BoA
Always do update and that is annoying,3,Google Play,2025-01-27 00:00:00,BoA
"Best app, somehow waiting a few minutes",5,Google Play,2025-01-23 00:00:00,BoA
I can't dijitalize my atm in the apollo app on my phone,1,Google Play,2025-01-22 00:00:00,BoA
Whenever I try to sign in app close please fixed it out,2,Google Play,2025-01-21 00:00:00,BoA
Beter,5,Google Play,2025-01-21 00:00:00,BoA
Boa,4,Google Play,2025-01-18 00:00:00,BoA
·â†·å£·àù ·ã®·àö·ã´·àµ·å†·àã ·ä†·çï ·â†·å£·àù ·ã®·ãà·à®·ã∞ ·ãú·àÆ ·äê·ãç ·ã®·àù·à∞·å†·ãç ·ãò·àÆ It's not App it's very slow ehhhh. Why don't you upgrade the app???? It's always zero,1,Google Play,2025-01-18 00:00:00,BoA
Aadan Axmed Barkhadle,5,Google Play,2025-01-17 00:00:00,BoA
üò°üò°üò°ü§¨ü§¨ü§¨,1,Google Play,2025-01-16 00:00:00,BoA
Horrible customer service and app crashes Horrible!!,1,Google Play,2025-01-15 00:00:00,BoA
I love it,5,Google Play,2025-01-14 00:00:00,BoA
Best,5,Google Play,2025-01-14 00:00:00,BoA
It keeps asking me to turn off developer mode even when dev mode is off. Couldn't use it.,1,Google Play,2025-01-13 00:00:00,BoA
Goodüôè,5,Google Play,2025-01-12 00:00:00,BoA
Like to much,5,Google Play,2025-01-11 00:00:00,BoA
Thank you,5,Google Play,2025-01-10 00:00:00,BoA
Perfect,5,Google Play,2025-01-09 00:00:00,BoA
The best of best,5,Google Play,2025-01-09 00:00:00,BoA
I was using this app for long time it amazing user friendly UI but the i can't found for get pin button in the app,3,Google Play,2025-01-07 00:00:00,BoA
Boa,5,Google Play,2025-01-06 00:00:00,BoA
Great üëç,5,Google Play,2025-01-04 00:00:00,BoA
Fast and suitable for the customers.,5,Google Play,2025-01-04 00:00:00,BoA
Good üëç,5,Google Play,2025-01-03 00:00:00,BoA
Good app and helpful,5,Google Play,2025-01-03 00:00:00,BoA
"I will give only one star, because it faced with multiple of problems. 1. The app is not as fast as the other banks App, for e.g like CBE 2. The App asks repeatedly to switch off developer options, even if it is switched off. 3. Bank of Abyssinia's services are interesting, but they ignored the issues on the App service. 4. Most customers gave a complain on the App, but no one accept their complain to fix the issue. 5. Lastly, I will not recommend the App unless the issue has been solved ASAP!!",1,Google Play,2025-01-03 00:00:00,BoA
By assessing this you can tell Abyssinia bank has no idea what mobile banking is ?,1,Google Play,2025-01-02 00:00:00,BoA
It doesn't work at all.,2,Google Play,2025-01-02 00:00:00,BoA
this app is not available,1,Google Play,2025-01-02 00:00:00,BoA
Best,5,Google Play,2025-01-01 00:00:00,BoA
Wow what amazing,5,Google Play,2024-12-30 00:00:00,BoA
love it,5,Google Play,2024-12-30 00:00:00,BoA
·â†·å£·àù ·àò·àª·àª·àç ·ä†·àà·â†·âµ....... ·àà ·â£·äï·ä© ·àõ·ã≠·àò·å•·äï ·àò·â∞·åç·â†·à≠·ã´ ·äê·ãç ::,2,Google Play,2024-12-30 00:00:00,BoA
Lemn embi yilal??,5,Google Play,2024-12-30 00:00:00,BoA
Good,5,Google Play,2024-12-30 00:00:00,BoA
It's useless app downgraded.,1,Google Play,2024-12-29 00:00:00,BoA
Why is not letting me access my account. The whole point of this app is for me to gey access to my account without physically being at the bank. I would give it a zero but a one will suffice to get my point accross.,1,Google Play,2024-12-27 00:00:00,BoA
Nice,5,Google Play,2024-12-26 00:00:00,BoA
When are you going to get rid of this and have a real app that works? By far the worst mobile banking app.,1,Google Play,2024-12-24 00:00:00,BoA
·ä†·ã≠·à∞·à´·àù ·àº·àù ·äê·ãç·ç§,1,Google Play,2024-12-23 00:00:00,BoA
Not that much bad,3,Google Play,2024-12-22 00:00:00,BoA
Fine,5,Google Play,2024-12-21 00:00:00,BoA
The dirtiest application ever seen...,1,Google Play,2024-12-20 00:00:00,BoA
Nic ap,5,Google Play,2024-12-19 00:00:00,BoA
The forest app ever,1,Google Play,2024-12-19 00:00:00,BoA
"I love BoA more than anyone but they are cursed when it comed to mobile banking. Even though this ine is hetter it still s*cks! It will ask me to turn off developer options other wise it won't work! I use CBE, Awash birr, tekebirr, Dashen bank and others but non of them asked me this, why only BoA? Please improve your mobile banking, be competitive!",1,Google Play,2024-12-19 00:00:00,BoA
Bank of abissena,1,Google Play,2024-12-17 00:00:00,BoA
Good,3,Google Play,2024-12-16 00:00:00,BoA
"Easy and sooo simple to use it, also its easy to stole someones money using the app",3,Google Play,2024-12-16 00:00:00,BoA
GOOD,5,Google Play,2024-12-15 00:00:00,BoA
The worst banking app ever. Never works!,1,Google Play,2024-12-14 00:00:00,BoA
Poorly functioning app,3,Google Play,2024-12-13 00:00:00,BoA
Very nice,5,Google Play,2024-12-13 00:00:00,BoA
Your system is the worst you should do betterüò°üò°üò°üò°üò°üò°,2,Google Play,2024-12-11 00:00:00,BoA
It has been a while since you guys started giving the mobile app service but still couldn't get it to work. I'm sure you know that it doesn't work already but not sure if you're lazy or incompetent to fix it. You are losing business because of this. Complacency will have consequences.,1,Google Play,2024-12-10 00:00:00,BoA
"This is the best app; many features are awesome, but it should work without the need to turn off the developer options. I'm tired of having to constantly switch the developer options off and on. I've been expressing my struggles about this. I have precious settings enabled in the developer options, and to open the App Boa app, I have to turn them off. Please help us, Abyssinia Bank. I hope you can provide an update soon.",4,Google Play,2024-12-08 00:00:00,BoA
"I‚Äôm giving this app one star because there are no options below that. My experience has been incredibly frustrating due to the extremely long loading times, and the app even closes automatically at times. People choose mobile banking for its convenience, but this app is far too time-consuming, making it the worst I‚Äôve used. I hope improvements are made to enhance the user experience.",1,Google Play,2024-12-07 00:00:00,BoA
Nice,5,Google Play,2024-12-07 00:00:00,BoA
Very unprofessional and mischievous bank in my opinion. I have had several occasions but recently I used Abyssinia Card to withdraw money and it was deducted from my account but despite reporting several times they said they are processing it but I learned yesterday that since it has been 3 months the bank has decided to include it in their income. How absurd. If you can avoid this bank.,1,Google Play,2024-12-06 00:00:00,BoA
It doesn't work on my 2 devices A05 and A34 üò°,1,Google Play,2024-12-02 00:00:00,BoA
My attention is very important because it will be the most difficult time for me,5,Google Play,2024-11-30 00:00:00,BoA
"I have a worst experience while using this mobile application through out the year. Most of the time it fails to ""Login"" or automatically closed the app. And also it takes so much loading time (5 minutes +) trying to access the internal services. Sometimes also while transferring within and to other bank also fails. So, BOA please fix your app.",1,Google Play,2024-11-29 00:00:00,BoA
I don't know why but your apps start out great then all of a sudden don't workü§∑‚Äç‚ôÄÔ∏è,1,Google Play,2024-11-28 00:00:00,BoA
This application is losing major factions on a daily basis. I can count how many times I have used this app; it is completely useless and disappointing if I am not going to use it in times of need then I don't see the point.,1,Google Play,2024-11-28 00:00:00,BoA
exellent digital transaction of money,5,Google Play,2024-11-27 00:00:00,BoA
The latest update has stopped android 9 phones not to open this App. Never work properly since i started using it.,1,Google Play,2024-11-26 00:00:00,BoA
Best,5,Google Play,2024-11-25 00:00:00,BoA
Great,5,Google Play,2024-11-25 00:00:00,BoA
üëèüëèüëè,5,Google Play,2024-11-24 00:00:00,BoA
Money,5,Google Play,2024-11-24 00:00:00,BoA
It needs more improvment,2,Google Play,2024-11-24 00:00:00,BoA
Good app,5,Google Play,2024-11-21 00:00:00,BoA
ab,3,Google Play,2024-11-20 00:00:00,BoA
Ademtahir,5,Google Play,2024-11-20 00:00:00,BoA
‚úåÔ∏è‚úåÔ∏è,5,Google Play,2024-11-20 00:00:00,BoA
Please this app on my android phone,3,Google Play,2024-11-20 00:00:00,BoA
GOAT üêê üêê,5,Google Play,2024-11-19 00:00:00,BoA
"Your app doesn't match your bank, the app is disaster, super slow. Please learn something from tele birr app.",1,Google Play,2024-11-19 00:00:00,BoA
Fast and reliable,5,Google Play,2024-11-18 00:00:00,BoA
"The worst app update ever. Why would you include the ""developer option off"" thing here? Why do you care? It is my phone my money, right? That is the reason why I switched to other banks. So either turn it off or everyone will discontinue their business one by one.",1,Google Play,2024-11-17 00:00:00,BoA
Very good,5,Google Play,2024-11-14 00:00:00,BoA
One of the poorest mobile banking system,1,Google Play,2024-11-13 00:00:00,BoA
‚ù§‚ù§‚ù§‚ù§‚ù§‚ù§,5,Google Play,2024-11-12 00:00:00,BoA
Oene,5,Google Play,2024-11-12 00:00:00,BoA
i find it interesting specially in reciept downloading,1,Google Play,2024-11-12 00:00:00,BoA
it good,5,Google Play,2024-11-12 00:00:00,BoA
"This app crashes everytime, please fix it",1,Google Play,2024-11-12 00:00:00,BoA
·ä†·äï·ãµ star ·à´·à± ·ã≠·â†·ãõ·â†·â≥·àç·ç¢ i dont recomend to use this app also the bank,1,Google Play,2024-11-12 00:00:00,BoA
I need a support the app is not working,5,Google Play,2024-11-12 00:00:00,BoA
Bast bank of ethiopia,5,Google Play,2024-11-12 00:00:00,BoA
Good,5,Google Play,2024-11-12 00:00:00,BoA
very slow app. ·ä†·â¢·à≤·äí·ã´·äï ·ä®·àö·ã´·ä≠·àç ·â£·äï·ä≠ ·ã®·àõ·ã≠·å†·â†·âÖ software app. ·ä®·âª·àã·âΩ·àÅ ·àô·àâ ·àà·àô·àâ ·ä•·äï·ã∞·åà·äì ·ä†·à∞·à©·âµ·ç¢·â†·å£·àù ·ã≠·àò·à´·ã´·àç ·ã´·à≥·çç·à´·àç·ç¢·ààapp ·ã®·ãà·å£·ãç ·ãà·å≠ ·â†·àô·àµ·äì ·ã®·â∞·â†·àã ·äê·ãç ·ã®·àö·àò·àµ·àà·ãç·ç¢,1,Google Play,2024-11-12 00:00:00,BoA
"thank you for your social services like, vertual banking, non touch ATM, Cadrless and withdrwal with out passbook...",5,Google Play,2024-11-12 00:00:00,BoA
The worst App i have never seen like this before,1,Google Play,2024-11-12 00:00:00,BoA
Wweeeer,4,Google Play,2024-11-12 00:00:00,BoA
Infinx,5,Google Play,2024-11-12 00:00:00,BoA
Great service,5,Google Play,2024-11-12 00:00:00,BoA
üëç,5,Google Play,2024-11-11 00:00:00,BoA
This app is not available on all android versions and some times it is not functional.,1,Google Play,2024-11-08 00:00:00,BoA
senayt Mesfin,4,Google Play,2024-11-08 00:00:00,BoA
Bad app vety bad.,1,Google Play,2024-11-07 00:00:00,BoA
Nice,5,Google Play,2024-11-06 00:00:00,BoA
Abessnya Banke,5,Google Play,2024-11-05 00:00:00,BoA
"The most useless app, I never expected such an irrelevant app from BOA. big shame!",1,Google Play,2024-11-04 00:00:00,BoA
Professional on banking app,5,Google Play,2024-11-01 00:00:00,BoA
Has some nice interface but always freezes or slow to load .App developers please fix this issue.,3,Google Play,2024-10-27 00:00:00,BoA
·ä†·ã≠·à∞·à´·àù ·ä†·àµ·â∞·ä´·ä≠·àâ·âµ,5,Google Play,2024-10-26 00:00:00,BoA
Please try another because this app doesn't feet the need of this generation,1,Google Play,2024-10-25 00:00:00,BoA
Good,4,Google Play,2024-10-25 00:00:00,BoA
Fast transfer,5,Google Play,2024-10-24 00:00:00,BoA
"What's up I can't log in, what's wrong",5,Google Play,2024-10-22 00:00:00,BoA
Amrumehamed,1,Google Play,2024-10-21 00:00:00,BoA
Good,5,Google Play,2024-10-19 00:00:00,BoA
"Nice to meet you my proud bank in Ethiopia.. I'm a member of this bank, i need to solve my problem of international receiving money for me from my online digital working service's over the world please? I'm working a lot of international money.But i can't get direct in Ethiopia because of don't knowing the legal ways of getting money in Ethiopia please can I get and direct deposit with BoA please üôèüôèüôè?",5,Google Play,2024-10-18 00:00:00,BoA
Very good,5,Google Play,2024-10-18 00:00:00,BoA
·ã∞·ã∞·åà·äê·àê,5,Google Play,2024-10-15 00:00:00,BoA
"Terrible Bank Experience It‚Äôs unbelievable that with all the modern technology, this bank still struggles with even basic transactions. The app constantly crashes, services are limited, and every time I try to transfer money or load Telebirr, there‚Äôs a huge delay. I have to wait 5 days for failed transactions to be refunded! Even USSD is unreliable. They‚Äôve put me in embarrassing situations countless times, and customer care never fixes anything. I‚Äôve switched banks, and you should too!",1,Google Play,2024-10-14 00:00:00,BoA
A painfully slow banking app service. Please don't make it your choice!,1,Google Play,2024-10-13 00:00:00,BoA
Good App,4,Google Play,2024-10-12 00:00:00,BoA
Best app to me,5,Google Play,2024-10-11 00:00:00,BoA
BOA,5,Google Play,2024-10-11 00:00:00,BoA
Abdulkadir,5,Google Play,2024-10-11 00:00:00,BoA
Bad,1,Google Play,2024-10-10 00:00:00,BoA
If it is possible I would gove0 star,1,Google Play,2024-10-08 00:00:00,BoA
Nise mobile bankig,4,Google Play,2024-10-05 00:00:00,BoA
Overall good app but performance needs some improvement also sometimes when using instant other bank transfers it refuses causing to be repeated several times to transfer,4,Google Play,2024-10-04 00:00:00,BoA
Ok,5,Google Play,2024-10-04 00:00:00,BoA
Just make it work pleaseü§£ this is embarrassing for a bank of your size,1,Google Play,2024-10-04 00:00:00,BoA
Update to the simplest way it requires the developer option on and off why this is,5,Google Play,2024-10-04 00:00:00,BoA
"Stop telling me what to do with my phone, BOA. Why does your newly updated app keep asking me to disable the developer options? I‚Äôm not slowing down my phone just to use your God damn app. ü§Æü§Æü§Æü§Æ",1,Google Play,2024-10-04 00:00:00,BoA
I'm living out of country how may I download and use mobile banking? It asks me the Ethiopia phone number and I can't receive text to confirm because I'm out side the country. So please lete know if I can use while I'm outside the country. Thanks,1,Google Play,2024-10-04 00:00:00,BoA
Good,3,Google Play,2024-10-03 00:00:00,BoA
Worest app,1,Google Play,2024-10-03 00:00:00,BoA
The worest app ever,1,Google Play,2024-10-03 00:00:00,BoA
·ä†·à™·çç ·äê·ãç ·â†·à≠·â±·àç·äï,5,Google Play,2024-10-03 00:00:00,BoA
